email,firstName,lastName
sociis@Namconsequat.net,Lane,Woodward
Integer@etmagna.org,Cleo,English
varius@eleifendnon.net,Elliott,Patrick
libero.dui.nec@Utsagittislobortis.net,Wynne,Case
sociis.natoque.penatibus@Quisqueporttitoreros.org,Brock,Moss
aliquam.eros.turpis@ultricies.co.uk,Ian,Cohen
dolor.vitae@eleifend.com,Keefe,Kelley
ac.turpis.egestas@Cras.ca,Catherine,Ruiz
ipsum@Nullamsuscipitest.net,Anika,Duran
mauris@ullamcorper.org,Harrison,Coffey
euismod.urna@massanonante.ca,Alvin,Baker
Morbi@ac.net,Luke,Hays
libero.Proin@sapienmolestie.edu,Isaiah,Pearson
turpis.Aliquam@eueuismod.edu,Cole,Ford
a@Curabitur.com,Hu,Ortega
malesuada.augue@ametrisus.co.uk,Isabelle,Carpenter
euismod@diamPellentesquehabitant.edu,Marah,Beasley
facilisis.facilisis@Proinsedturpis.edu,Ryder,Terrell
sit.amet@sit.net,Martha,Blanchard
eu@dolor.co.uk,Kennedy,Kent
ornare.sagittis@aliquetProin.edu,Roary,Hubbard
Morbi@ligulaDonec.net,Roary,Morton
sem.consequat@sedhendrerit.org,Barbara,England
diam@vitaediamProin.co.uk,Nerea,Monroe
pharetra.ut.pharetra@egetlaoreet.net,Roanna,Horne
mus.Donec.dignissim@justonecante.co.uk,Cameron,Trevino
Aenean.gravida@consectetueradipiscingelit.edu,Russell,Farrell
vitae@eliteratvitae.ca,Leigh,White
arcu.Morbi@adipiscingfringilla.edu,Regan,Stuart
bibendum.ullamcorper@utlacusNulla.net,Buffy,Mcdaniel
quis@Nunclaoreet.co.uk,Octavia,Francis
eu.odio.tristique@lacusAliquam.edu,Quentin,Bryant
tortor.at@aliquetmolestie.edu,Gwendolyn,Lamb
egestas@quisturpisvitae.edu,Desirae,Lopez
lorem.fringilla.ornare@vulputateullamcorpermagna.ca,Nina,Garrett
accumsan@adipiscingligulaAenean.ca,Wilma,Richard
Quisque.porttitor.eros@elitEtiam.ca,Jessamine,Mccormick
pharetra.felis.eget@laciniaSed.edu,Eve,Rosa
imperdiet@egestasAliquamfringilla.co.uk,Keely,Whitaker
mollis@ametrisusDonec.edu,Lilah,Nash
urna@ullamcorpernislarcu.com,Vance,West
mollis.vitae@ac.edu,Clio,Deleon
eu.metus.In@ornareFuscemollis.ca,Danielle,Weaver
risus.Nulla.eget@sagittisplaceratCras.ca,Pandora,Boyer
dis@parturientmontes.net,Burke,Rosa
adipiscing@vitaeeratVivamus.com,MacKensie,Patton
metus@neceleifendnon.com,Macy,Hurst
Phasellus.elit.pede@netusetmalesuada.org,Demetrius,Martin
Proin.vel.nisl@fringillaDonec.org,Elliott,Dominguez
ligula@sodaleselit.net,Gail,Osborne
purus@mauris.co.uk,Paki,Carlson
lacus@atarcuVestibulum.edu,Kaden,Oneill
vel.arcu@Nunc.net,Jerome,Gallagher
aliquet@facilisisegetipsum.net,Cedric,Jefferson
risus.a@duiaugueeu.net,Anastasia,Peterson
augue@faucibus.co.uk,Jade,Lopez
nisl.Nulla.eu@duiSuspendisse.ca,Casey,Hammond
porttitor@penatibus.com,Cairo,Bird
felis.adipiscing.fringilla@Duismi.net,Brenna,Mercado
lacus@et.net,Illana,Robbins
sociis@vulputatelacus.org,Barrett,Sweeney
scelerisque.mollis.Phasellus@hendreritDonec.net,Kirsten,Dyer
Integer.tincidunt@fringillaestMauris.org,Yetta,Zamora
et@miDuis.com,Daniel,Blackburn
ut.dolor.dapibus@atrisus.co.uk,Julian,Robbins
a.enim@nec.org,Hector,Jefferson
egestas.hendrerit@dolor.ca,Aspen,Burns
Nulla.tincidunt@ornaretortorat.ca,Lucius,Hunt
dui.Fusce.aliquam@liberolacusvarius.co.uk,Yuli,Flowers
dignissim.lacus.Aliquam@ornareFuscemollis.com,Kuame,Cooley
fermentum.metus@mollislectus.net,Lunea,Craft
Nunc@tinciduntpede.ca,Alexis,Holland
eget@Proindolor.org,Dorian,Graham
dictum.eu.placerat@augueidante.net,Ebony,Gibson
a.arcu.Sed@In.org,Tanner,Holder
tempus.risus@erateget.ca,Hall,Curry
vestibulum.Mauris.magna@sagittislobortis.ca,Ezra,Velasquez
id.erat@dolorDonecfringilla.ca,Hayfa,Bell
Pellentesque@aliquam.edu,Jillian,Walker
auctor.nunc@lectuspede.edu,Gareth,Little
ultrices.Duis.volutpat@tristiqueaceleifend.net,Henry,Calhoun
quam.elementum.at@massanon.org,Yoshio,Langley
imperdiet@dui.org,Lana,Mcguire
libero.mauris.aliquam@etmagnis.edu,Brendan,Hahn
fringilla.euismod.enim@temporarcuVestibulum.net,Morgan,Hartman
fringilla.cursus.purus@utcursusluctus.net,Lynn,Maxwell
erat.semper@liberoProinmi.net,Richard,Livingston
urna.nec@etarcu.edu,Akeem,Hardin
risus@nonummy.co.uk,Erin,Dillon
nisi.Mauris.nulla@condimentum.net,Diana,Benton
mollis.Duis@sit.co.uk,Travis,Noble
mus@loremut.co.uk,Claudia,Adams
auctor@ligulaAeneangravida.org,Larissa,Myers
pretium.aliquet.metus@risusDuis.co.uk,Len,Larsen
dictum@turpis.ca,Lucy,Beard
Proin.ultrices@tellus.com,Conan,Hebert
magnis.dis.parturient@estconguea.org,Vladimir,Buckner
cubilia.Curae@Praesent.com,Wynne,Conner
aliquam.enim@eleifend.ca,Nita,Elliott
